samadams,Sam Adams,adamssam@hotmail.co.uk,FDVMXt3089z8gH,FDVMXt3089z8gH
philipandrew,Philip Andrew,georgeandrew12@aol.com,qr3x2reAy7TjLl,qr3x2reAy7TjLl
gohiranwar,Gohir Anwar,theanwarfamily@yahoo.co.uk,ru9x3H5h3y64pf,ru9x3H5h3y64pf
francoarnone,Franco Arnone,arnonef@hotmail.com,JUxoz0nyNs+xEp,JUxoz0nyNs+xEp
taniabailey,Tania Bailey,tania.bailey@sky.com,TiPNDzigvRDJR8,TiPNDzigvRDJR8
lesbailey,Les Bailey,lesandcarolbailey@sky.com,/m5x64AOWfYbFQ,/m5x64AOWfYbFQ
lawranceball,Lawrance Ball,lawrenceball66@yahoo.com,z7PBfgKFNb8Ls5,z7PBfgKFNb8Ls5
robertball,Robert Ball,robert.ball551@btinternet.com,LG0/pCh9EJLITr,LG0/pCh9EJLITr
rogerbanks,Roger Banks,roger@rogerbanks.wanadoo.co.uk,WmNhFAgfuuiwD6,WmNhFAgfuuiwD6
rebeccabarham,Rebecca Barham,cbarham@ntlworld.com,efcOxSVX28S0sB,efcOxSVX28S0sB
chrisbarham,Chris Barham,cbarham@ntlworld.com,W+K41eM8EkNySK,W+K41eM8EkNySK
williambarker,William Barker,wjb5236@gmail.com,2gE/JENlHt678M,2gE/JENlHt678M
simonbarker,Simon Barker,simonbarker.10@googlemail.com,DDfTMHKsjmu9Du,DDfTMHKsjmu9Du
richardbarker,Richard Barker,barkerra@gmail.com,sIrT2Zz0ED16/L,sIrT2Zz0ED16/L
ferlinbarnard,Ferlin Barnard,ferlinbarnard@hotmail.com,SjoS7swVNOLbXS,SjoS7swVNOLbXS
liambarnard,Liam Barnard,ferlinbarnard@hotmail.com,47pGL8hnRQhPpq,47pGL8hnRQhPpq
anthonybarnes,Anthony Barnes,abarnes@theonegroup.co.uk,3HrgkU90NTHX3q,3HrgkU90NTHX3q
philipbartlett,Philip Bartlett,philip.barlletta@live.co.uk,gELbeu0PBvQ3AD,gELbeu0PBvQ3AD
jonathonbasden,Jonathon Basden,jbasden@jbinternet.com,rNu/9DPtpHiPhB,rNu/9DPtpHiPhB
alanbenson,Alan Benson,alanbenson@live.co.uk,a4HsG52NgCPhpn,a4HsG52NgCPhpn
spencerberesford,Spencer Beresford,bezis@fsmail.net,JRRBVmY28Z8Dwq,JRRBVmY28Z8Dwq
tonybest,Tony Best,tony@theattic-room.co.uk,LBWCGTQ81ImOjK,LBWCGTQ81ImOjK
charliebest,Charlie Best,tony@theattic-room.co.uk,9J1FSdNKYdAdAV,9J1FSdNKYdAdAV
martinbetts,Martin Betts,jenniferbetts@sky.com,D1ng+gHsS2jK0a,D1ng+gHsS2jK0a
isobelbillington,Isobel Billington,isobel_b@live.co.uk,aEELJhOxSh5qnF,aEELJhOxSh5qnF
annabillington,Anna Billington,anna.r.h.bill@gmail.com,hvDEC810zNuiEa,hvDEC810zNuiEa
alexbirch,Alex Birch,alex.bich4@btinternet.com,LNqW7QtLfiCvpY,LNqW7QtLfiCvpY
rachaelbouch,Rachael Bouch,rachael.bouch@pukkapies.co.uk,Atf/CjuHpjvaxt,Atf/CjuHpjvaxt
alexboughton,Alex Boughton,david.millichip@btinternet.com,gvK8G3kHTdm+nn,gvK8G3kHTdm+nn
berniebowen,Bernie Bowen,bernard.bowen@openreach.co.uk,TCZEVW4FWgajdz,TCZEVW4FWgajdz
debbiebowen,Debbie Bowen,debbiebowen75@yahoo.com,9X5UOmKOUllPrO,9X5UOmKOUllPrO
martinbrewin,Martin Brewin,martin.brewin@gmail.com,x9mro78g+PRBoA,x9mro78g+PRBoA
stephenbull,Stephen Bull,stephenbull2@hotmail.com,Upf68wwhSY5DoJ,Upf68wwhSY5DoJ
thomasburnell,Thomas Burnell,thomas.burnell@yahoo.co.uk,5O6k+MlgsxWcgr,5O6k+MlgsxWcgr
simonburnell,Simon Burnell,simonjburnell@gmail.com,ke90GcVhl3eriJ,ke90GcVhl3eriJ
rebeccaburnett-armstrong,Rebecca Burnett-Armstrong,beccyba@btinternet.com,2IQn8euxhfhsEw,2IQn8euxhfhsEw
ianburnham,Ian Burnham,ianburnham57@gmail.com,DMxha+Bt5WEvF7,DMxha+Bt5WEvF7
alexchapman,Alex Chapman,alexchapman03@gmail.com,DV1WmhqfYrv5Uh,DV1WmhqfYrv5Uh
simonchester,Simon Chester,simonchester@talktalk.net,v9rlnDvtxD0Goy,v9rlnDvtxD0Goy
nicholasclipston,Nicholas Clipston,a.clipston@btinternet.com,+XZUOZTN2rPwZA,+XZUOZTN2rPwZA
marcuscole,Marcus Cole,ssc.marcuscole@co.uk,YsiBlBO2+f7o+6,YsiBlBO2+f7o+6
nicholascole,Nicholas Cole,ncole9@sky.com,wtxI19CfUMND9l,wtxI19CfUMND9l
richardcollins,Richard Collins,richard.collins@b102business.com,G+/eDG4kkx+e4X,G+/eDG4kkx+e4X
nealcooke,Neal Cooke,nwcooke@yahoo.com,H8OE/hUGySGDsr,H8OE/hUGySGDsr
sophiecozens,Sophie Cozens,sophcozens1@hotmail.co.uk,GA+Ag4ViWX9i7I,GA+Ag4ViWX9i7I
kimcozens,Kim Cozens,kim.squash@talktalk.net,39hVkK8PkwZfdq,39hVkK8PkwZfdq
davidcrooke,David Crooke,david_crooke@hotmail.com,MnaN/Hnf/E+dVU,MnaN/Hnf/E+dVU
victoriacropley,Victoria Cropley,vix242@hotmail.com,cV3ZFpcWQrXkj6,cV3ZFpcWQrXkj6
jamesdale,James Dale,jamesmdale@hotmail.com,k73F1/bAq5rtP4,k73F1/bAq5rtP4
markdavies,Mark Davies,mark-davies@hanseluk.com,KMk4OTHc/8ihSq,KMk4OTHc/8ihSq
tomdavies,Tom Davies,mark-davies@hanseluk.com,eiiDVd3tyKatxJ,eiiDVd3tyKatxJ
brucedilks,Bruce Dilks,brucedilks@yahoo.co.uk,5XqhABD71G9Aty,5XqhABD71G9Aty
damianevans,Damian Evans,damian.evans@uwclub.net,pySRWUsijqiUJc,pySRWUsijqiUJc
markeverett,Mark Everett,mark.everett@worldwidefruit.co.uk,rDVE6aV1VFT7aC,rDVE6aV1VFT7aC
rosiefemminile,Rosie Femminile,rosiefem@live.co.uk,7qY3s3IHQ3sD+b,7qY3s3IHQ3sD+b
henryflint,Henry Flint,hflint2001@yahoo.co.uk,7dZVIMTANXB8Yt,7dZVIMTANXB8Yt
andyfreeman,Andy Freeman,andrew.m.freeman@live.co.uk,9EkHo8fbcTKo0F,9EkHo8fbcTKo0F
helengibbons,Helen Gibbons,hppandk@aol.com,SaMiSJvkngiBAV,SaMiSJvkngiBAV
seanglover,Sean Glover,gloversean884@aol.com,b6CCo5hPe/a9Cr,b6CCo5hPe/a9Cr
jamesgoodwin,James Goodwin,josh.goodwin@kier.co.uk,2glg94DS7NQc4o,2glg94DS7NQc4o
karengrant,Karen Grant,yesanotheraccount@hotmail.com,m/oFe7T0rrUQHu,m/oFe7T0rrUQHu
nickolasgreen,Nickolas Green,ng@teemo.co.uk,qRm3oLu4C/Nexg,qRm3oLu4C/Nexg
andrewgreen,Andrew Green,agreen@stamford.ac.uk,THXnAyPr5FM6yF,THXnAyPr5FM6yF
russgreen,Russ Green,russ_aes@yahoo.co.uk,0WrmRGrIJggU+y,0WrmRGrIJggU+y
leoguilliano,Leo Guilliano,leo.guilliano@talktalkbusiness.net,96sJQjMzhTIlOL,96sJQjMzhTIlOL
mikegulland,Mike Gulland,mikegulland@btinternet.com,VHc9iI+kBckKol,VHc9iI+kBckKol
bradleyharnan,Bradley Harnan,baharnan@gmail.com,47J1EK/xC+Or6U,47J1EK/xC+Or6U
markharrison,Mark Harrison,thapuma@btinternet.com,MaPCLMUPLL6UNu,MaPCLMUPLL6UNu
neilhenson,Neil Henson,neil.henson@sky.com,bgRVc9+fxwVBv+,bgRVc9+fxwVBv+
andrewhogan,Andrew Hogan,andrew0350@hotmail.com,CiSRBIi+9vO1IM,CiSRBIi+9vO1IM
catherineholland,Catherine Holland,catherineholland67@hotmail.com,rQa6yT+In85m7h,rQa6yT+In85m7h
tomholland,Tom Holland,terracetom@msn.com,YMvMYiNCkfP2Pq,YMvMYiNCkfP2Pq
johnhoyles,John Hoyles,johnhoyles@hotmail.com,OqBzaBtw353+ox,OqBzaBtw353+ox
stepheninglis,Stephen Inglis,stevieing@sky.com,DvgqZXVD4I0YmS,DvgqZXVD4I0YmS
leighjohnson,Leigh Johnson,leigh@zimbjohnson.co.uk,Uh6REVLbYPnt3d,Uh6REVLbYPnt3d
timjones,Tim Jones,t_imjones@hotmail.com,oc6weKyrfHh5An,oc6weKyrfHh5An
charliejones,Charlie Jones,nickyjones4@me.com,J0qb5YQT4O2IgG,J0qb5YQT4O2IgG
andrewjones,Andrew Jones,andy@wellandvalleylimbo.co.com,/QZRwTbmAbGPgi,/QZRwTbmAbGPgi
harryjones,Harry Jones,nickyjones4@me.com,/+8324+BadFohi,/+8324+BadFohi
josephjones,Joseph Jones,nickyjones4@me.com,4/9Ta1PTYNu5Uw,4/9Ta1PTYNu5Uw
amryjones,Amry Jones,amryj@agthames.co.uk,jTeIOjIEMzNJNd,jTeIOjIEMzNJNd
andylancaster,Andy Lancaster,andylanc@yahoo.com,JMa5GFvvTyIVq4,JMa5GFvvTyIVq4
simonlarter,Simon Larter,simon.larter@ianwilliams.co.uk',57wg/tXUlCYkow,57wg/tXUlCYkow
tomlaughton,Tom Laughton,tommylaughts@gmail.com,3SgPBGU8Nz70je,3SgPBGU8Nz70je
marklavers,Mark Lavers,Mark.Lavers@hotmail.com,o+kOza3TNdnMhg,o+kOza3TNdnMhg
davelewis,Dave Lewis,davelewis3000@gmail.com,B2s4EypLQbdoXq,B2s4EypLQbdoXq
dmann,D Mann,manster3364@aol.com,18OOTQaAjUCGAp,18OOTQaAjUCGAp
andrewmaran,Andrew Maran,andrew.maran@btinternet.com,nSW2Ub0Il+DQbG,nSW2Ub0Il+DQbG
michaelmatthews,Michael Matthews,mdmatthews@hotmail.com,XxsiliGGCk5xsa,XxsiliGGCk5xsa
iainmcewen,Iain Mcewen,iain.mcewen@gmail.com,XupQ8azmRuF9zE,XupQ8azmRuF9zE
robertmiles,Robert Miles,milesfamily2002@hotmail.com,lZHEHsfGgdNdq3,lZHEHsfGgdNdq3
margaretmiles,Margaret Miles,milesfamily2002@hotmail.com,z+bZ4bNZQQ7pps,z+bZ4bNZQQ7pps
davidmillichip,David Millichip,david.millichip@btinternet.com,Hq6OFUBKFEmi5D,Hq6OFUBKFEmi5D
petermoore,Peter Moore,peter.moore@bletsoes.co.uk,Mh1BbncfF6YFxm,Mh1BbncfF6YFxm
rachelmorley,Rachel Morley,rachelamorley@hotmail.com,czak7mgtwyoNX5,czak7mgtwyoNX5
simonmorris,Simon Morris,morris-simon@hotmail.co.uk,PUF54aEzrayeAx,PUF54aEzrayeAx
mauricemosdell,Maurice Mosdell,memosdell@btinternet.com,3n02fgyPw1bbZv,3n02fgyPw1bbZv
chrismountain,Chris Mountain,chrism@midukrecycling.co.uk,CoFlRbw1hOGyOU,CoFlRbw1hOGyOU
johnmurphy,John Murphy,j.murphy@sky.com,/kFaPIR4d7J42k,/kFaPIR4d7J42k
jainairn,Jai Nairn,"sjnairn01@gmail.com",jYhDay7jLjhxyy,jYhDay7jLjhxyy
iannewton,Ian Newton,ienewton@aol.com,Cu54GLK3nnjaYJ,Cu54GLK3nnjaYJ
paulnovakovic,Paul Novakovic,paul.nova@btinternet.com,x0DPxi1KcIvLZy,x0DPxi1KcIvLZy
emilynovakovic,Emily Novakovic,emily.novakovic@netmail.com,VooYDsImuWjKXW,VooYDsImuWjKXW
jonathanoakley,Jonathan Oakley,oakley.jonthan1@gmail.com,Q6RJFc/cPD9Ttj,Q6RJFc/cPD9Ttj
nicko'bryan-tear,Nick O'Bryan-Tear,nick.obt@gmail.com,BED1v7ekgGGQXB,BED1v7ekgGGQXB
teddyo'bryan-tear,Teddy O'Bryan-Tear,nick.obt@gmail.com,IBI0d6KFHGg9E9,IBI0d6KFHGg9E9
mickpares,Mick Pares,megalloy22a@aol.com,el7DE0VXY2iXKE,el7DE0VXY2iXKE
lloydpares,Lloyd Pares,megalloy22a@aol.com,XvBnYURrldEFXZ,XvBnYURrldEFXZ
paulpartington,Paul Partington,paulpartington@hotmail.com,hXUJ7tIa/D3jbg,hXUJ7tIa/D3jbg
benjaminpeck,Benjamin Peck,gndp1@btinternet.com,5FA418RtATk51C,5FA418RtATk51C
gordonpepper,Gordon Pepper,gordon@ginsystems.co.uk,7V3kFkx3631IBG,7V3kFkx3631IBG
williamplummer,William Plummer,wp@lifetime-experiences.com,7S5Ws99KbJeQND,7S5Ws99KbJeQND
lizzieplyte,Lizzie Plyte,plytefamily@btinternet.com,AlrsHqNu01VYUe,AlrsHqNu01VYUe
glennpowell,Glenn Powell,agreen@stamford.ac.uk,LqBb3i0LOogsRk,LqBb3i0LOogsRk
timprior,Tim Prior,priorty@gmail.com,B5C9bTb5rfdqZ8,B5C9bTb5rfdqZ8
clairerasell,Claire Rasell,razell45@hotmail.com,wk43rvkjQcMT2x,wk43rvkjQcMT2x
kevinredstone,Kevin Redstone,kevin.redstone908@mod.uk,cfyzAacpr0jZiN,cfyzAacpr0jZiN
raymondrichardson,Raymond Richardson,janray@onetel.net,RXJ58w5L4IYI/v,RXJ58w5L4IYI/v
jackrichardson,Jack Richardson,simonrichardson@gmail.com,l85CI7/usefE88,l85CI7/usefE88
simonrichardson,Simon Richardson,simonrichardson@gmail.com,F4oIPAB+MCw0dJ,F4oIPAB+MCw0dJ
tomrichardson,Tom Richardson,tom@cjsupplies.co.uk,X6OdBK09DWx/DK,X6OdBK09DWx/DK
timrimmer,Tim Rimmer,timothy.rimmer@talk21.com,NTxP2+i/Fc65Zc,NTxP2+i/Fc65Zc
steveroberts,Steve Roberts,s.roberts@thepeterboroughschool.co.uk,D/LPTcfx4xcIxD,D/LPTcfx4xcIxD
daverobinson,Dave Robinson,daverobbo@gmail.com,85t07pRP26YU5d,85t07pRP26YU5d
jamierobinson,Jamie Robinson,jrobinson@cclincl.com,JOT57gspV8Q4Ia,JOT57gspV8Q4Ia
chantalrogers,Chantal Rogers,yesanotheraccount@hotmail.com,9WhBHsSY010xsV,9WhBHsSY010xsV
darrenscott,Darren Scott,darrenscottuk@talktalk.net,HNRxIWAKxVbnVZ,HNRxIWAKxVbnVZ
johnseaton,John Seaton,johnseaton89@yahoo.com,+APcIcVlmgfulJ,+APcIcVlmgfulJ
philipshaw,Philip Shaw,phil.squash@familyshaw.net,YymKt+4avuEb7f,YymKt+4avuEb7f
davidshelton,David Shelton,david@david-shelton.info,2i/9Cz0yW3hLg2,2i/9Cz0yW3hLg2
joesibley,Joe Sibley,fis.indistrial@gmail.com,yk+nLGyjDfdpfQ,yk+nLGyjDfdpfQ
christophersmith,Christopher Smith,smiths164@btinternet.com,aMS0XBAa4+f/eS,aMS0XBAa4+f/eS
darrensmith,Darren Smith,dazsmith1974@yahoo.co.uk,2i+1GxwobV9fE8,2i+1GxwobV9fE8
marksmith,Mark Smith,marksmith_stamford@hotmail.com,DkZIJ5ubfKEEgv,DkZIJ5ubfKEEgv
nicholassmith,Nicholas Smith,nicholas.smith@duntop.co.uk,qcZZJGyThIMmIf,qcZZJGyThIMmIf
tonyspice,Tony Spice,office@lexasshopfitting.co.uk,41Vbs+EDZ7UnHH,41Vbs+EDZ7UnHH
edenspooner,Eden Spooner,david.spooner@bakerperkinsgroup.com,gwoy9OThz45g67,gwoy9OThz45g67
davespooner,Dave Spooner,david.spooner@bakerperkinsgroup.com,k/RaJN4jIG2YEC,k/RaJN4jIG2YEC
miastevenson,Mia Stevenson,james@jpselectrical.com,LUSnmXTO6jByFj,LUSnmXTO6jByFj
jamesstevenson,James Stevenson,james.stevenson@jpselectrical.com,I0ZHytYxnq5BDV,I0ZHytYxnq5BDV
terrystrange,Terry Strange,terry_79@hotmail.co.uk,ogI3XUJ7hpiNSO,ogI3XUJ7hpiNSO
willstuart-jones,Will Stuart-Jones,will_stuart_jones@yahoo.co.uk,eOXWmFoKqZNmbH,eOXWmFoKqZNmbH
swanston, Swanston,jay-janie@theswanstons.com,ZXZlPyqWpGOO05,ZXZlPyqWpGOO05
swanston, Swanston,janie@theswanstons.com,3xYM4Scy+/RHDu,3xYM4Scy+/RHDu
johnswanston,John Swanston,janie@theswanstons.com,M8p7jWQwwEVGLg,M8p7jWQwwEVGLg
janeswanston,Jane Swanston,janie@theswanstons.com,QM87dNVRQTVQ9I,QM87dNVRQTVQ9I
michaeltaylor,Michael Taylor,michael.taylor@gowlings.com,wV9Qu/EUuROqYm,wV9Qu/EUuROqYm
keithterry,Keith Terry,keith-terry@02.co.uk,+fiB0DwrwDmQdK,+fiB0DwrwDmQdK
duncanthomson,Duncan Thomson,vix242@hotmail.com,kWrn1bZGmYXUak,kWrn1bZGmYXUak
neilthorburn,Neil Thorburn,neil@thorburns.com,0EDwBka2OBUuPV,0EDwBka2OBUuPV
eamonntreanor,Eamonn Treanor,eamonntreanor@fsmail.net,rpO0WtCm9iy8pC,rpO0WtCm9iy8pC
jontyrrell,Jon Tyrrell,famerjont@hotmail.com,yNoJXMAzeYG0PM,yNoJXMAzeYG0PM
jasonvan der westhuizen,Jason Van Der Westhuizen,jasonvanuk@gmail.com,E//XwP5woPQsxV,E//XwP5woPQsxV
joeverdegaal,Joe Verdegaal,jow1976@co.uk,rNR9XBWYEuPgHi,rNR9XBWYEuPgHi
luievergette,Luie Vergette,j.vergette@btinternet.com,+S+m+sIB/QyGPV,+S+m+sIB/QyGPV
williamvergette,William Vergette,j.vergette@btinternet.com,ivI8zxdOF3LmNn,ivI8zxdOF3LmNn
tristanvert,Tristan Vert,tjvert@hotmail.com,4EeHkuL8ixWujy,4EeHkuL8ixWujy
elijahwade,Elijah Wade,melaniewade85@yahoo.com,R314i70OXGnfaI,R314i70OXGnfaI
johnwalker,John Walker,walkerj39@sky.com,YS9hBp2kGGLEen,YS9hBp2kGGLEen
markwatkinson,Mark Watkinson,mark.watkinson@willmottdixon.co.uk,rEHP26jcpFvK6w,rEHP26jcpFvK6w
stuartwilliams,Stuart Williams,sjcwilliams@gmail.com,0ESN57nZlJbJQ6,0ESN57nZlJbJQ6
daphnewilliams,Daphne Williams,daphne_williams@hotmail.com,W+W7AHmUrhAM2k,W+W7AHmUrhAM2k
michaelwilliams,Michael Williams,mike@willoughbyhouse.co.uk,VqnVcjAuNvPh2e,VqnVcjAuNvPh2e
justinwilson,Justin Wilson,justin@jwilsonplumbing.co.uk,VsHt5bkgpEBt4/,VsHt5bkgpEBt4/
patwilson,Pat Wilson,pwandcw@aol.com,K0neYDLjB7SJ9j,K0neYDLjB7SJ9j
esmewoodhouse,Esme Woodhouse,woodhouse.andrew@sky.com,NGYV9eB7apWM9C,NGYV9eB7apWM9C
nathanwragg,Nathan Wragg,nathanwragg@hotmail.com,AB6ybHTlPgZMqB,AB6ybHTlPgZMqB
matthewwragg,Matthew Wragg,matthewwragg@yahoo.co.uk,2J2zBYhOXtSrIN,2J2zBYhOXtSrIN
grahamwright,Graham Wright,jillandgraham@tiscali.co.uk,kMlLVIMhCFTV3Q,kMlLVIMhCFTV3Q
marcuswright,Marcus Wright,marcuswright@me.com,J3L+QWYm6PApqh,J3L+QWYm6PApqh
jurgenwurfel,Jurgen Wurfel,wurfel@rocketmail.com,Xm+uifJsS7Zd6N,Xm+uifJsS7Zd6N
sanathyogasundram,Sanath Yogasundram,yogasundram@googlemail.com,7aS3fuzUimG3Ln,7aS3fuzUimG3Ln
aliceyogasundram,Alice Yogasundram,aiice.yogasundram@googlemail.com,ztLzlJ1cU65Xon,ztLzlJ1cU65Xon
hannahyogasundran,Hannah Yogasundran,hannah.yogasundram@googlemail.com,+Q8ljCllLqx31H,+Q8ljCllLqx31H
